aadhaar_number,full_name,email,phone,dob
123456789012,Athulkrishna P P,athulkrishnapp5833@gmail.com,8590294752,2002-05-15
987654321098,Joney David,joneydavid123@gmail.com,9998887776,1999-08-20
111122223333,Arun Kumar,arun.demo@gmail.com,9876543210,1995-01-10
555566667777,Sneha Reddy,sneha.demo@gmail.com,9123456780,1998-11-25
999988887777,Rahul Verma,rahul.demo@gmail.com,9000000001,2001-07-07
100000000001,Aarav Sharma,aarav.s@example.com,9876500001,1990-01-15
100000000002,Vivaan Patil,vivaan.p@example.com,9876500002,1992-03-22
100000000003,Aditya Iyer,aditya.i@example.com,9876500003,1985-07-10
100000000004,Vihaan Singh,vihaan.s@example.com,9876500004,1999-11-05
100000000005,Arjun Mehta,arjun.m@example.com,9876500005,1995-02-28
100000000006,Sai Krishna,sai.k@example.com,9876500006,2000-09-12
100000000007,Reyansh Gupta,reyansh.g@example.com,9876500007,1988-06-18
100000000008,Ayaan Khan,ayaan.k@example.com,9876500008,1993-12-01
100000000009,Krishna Das,krishna.d@example.com,9876500009,1997-04-14
100000000010,Ishaan Joshi,ishaan.j@example.com,9876500010,1991-08-25
100000000011,Shaurya Nair,shaurya.n@example.com,9876500011,2002-05-30
100000000012,Atharv Rao,atharv.r@example.com,9876500012,1996-10-09
100000000013,Advik Reddy,advik.r@example.com,9876500013,1989-01-20
100000000014,Pranav Choudhury,pranav.c@example.com,9876500014,1994-03-15
100000000015,Advaith Menon,advaith.m@example.com,9876500015,1998-07-07
100000000016,Aaryamann Malhotra,aaryamann.m@example.com,9876500016,1987-12-22
100000000017,Dhruv Kapoor,dhruv.k@example.com,9876500017,2001-02-11
100000000018,Kabir Jain,kabir.j@example.com,9876500018,1995-09-05
100000000019,Ritvik Agarwal,ritvik.a@example.com,9876500019,1992-06-30
100000000020,Gautam Chatterjee,gautam.c@example.com,9876500020,1986-11-18
100000000021,Kian Deshmukh,kian.d@example.com,9876500021,2003-04-25
100000000022,Darsh Pillai,darsh.p@example.com,9876500022,1999-08-08
100000000023,Veer Saxena,veer.s@example.com,9876500023,1990-01-05
100000000024,Rudra Bhatia,rudra.b@example.com,9876500024,1997-03-12
100000000025,Shivansh Verma,shivansh.v@example.com,9876500025,1988-10-28
100000000026,Ananya Mishra,ananya.m@example.com,9876500026,1993-05-15
100000000027,Diya Pandey,diya.p@example.com,9876500027,2000-12-10
100000000028,Saanvi Tiwari,saanvi.t@example.com,9876500028,1994-02-22
100000000029,Aadhya Singh,aadhya.s@example.com,9876500029,1991-09-17
100000000030,Kiara Yadav,kiara.y@example.com,9876500030,2002-07-01
100000000031,Myra Kaur,myra.k@example.com,9876500031,1989-11-14
100000000032,Pari Ghosh,pari.g@example.com,9876500032,1996-06-06
100000000033,Riya Thakur,riya.t@example.com,9876500033,1998-01-30
100000000034,Anvi Bhatt,anvi.b@example.com,9876500034,1985-04-18
100000000035,Fatima Sheikh,fatima.s@example.com,9876500035,1992-08-09
100000000036,Shanaya Dubey,shanaya.d@example.com,9876500036,2001-12-25
100000000037,Amaira Chauhan,amaira.c@example.com,9876500037,1995-03-03
100000000038,Prisha Soni,prisha.s@example.com,9876500038,1990-10-20
100000000039,Sarah Nanda,sarah.n@example.com,9876500039,1997-07-12
100000000040,Zoya Gill,zoya.g@example.com,9876500040,1987-02-15
100000000041,Meera Bose,meera.b@example.com,9876500041,1999-09-08
100000000042,Ira Sen,ira.s@example.com,9876500042,1993-05-22
100000000043,Naira Roy,naira.r@example.com,9876500043,2003-01-05
100000000044,Ishita Kulkarni,ishita.k@example.com,9876500044,1988-11-30
100000000045,Kavya Hegde,kavya.h@example.com,9876500045,1996-04-10
100000000046,Avni Shetty,avni.sh@example.com,9876500046,1991-08-15
100000000047,Siya Fernandes,siya.f@example.com,9876500047,2000-06-28
100000000048,Kyra Bajaj,kyra.b@example.com,9876500048,1994-12-05
100000000049,Navya Bansal,navya.b@example.com,9876500049,1986-09-19
100000000050,Jhanvi Chopra,jhanvi.c@example.com,9876500050,2002-02-14
100000000051,Mohammed Ali,mohammed.a@example.com,9876500051,1995-07-22
100000000052,Yusuf Khan,yusuf.k@example.com,9876500052,1990-03-30
100000000053,Bilal Ahmed,bilal.a@example.com,9876500053,1998-11-11
100000000054,Ibrahim Syed,ibrahim.s@example.com,9876500054,1989-05-05
100000000055,Omar Farooq,omar.f@example.com,9876500055,2001-08-18
100000000056,Zain Malik,zain.m@example.com,9876500056,1993-10-02
100000000057,Aamir Hussain,aamir.h@example.com,9876500057,1997-01-25
100000000058,Hamza Qureshi,hamza.q@example.com,9876500058,1985-12-12
100000000059,Mustafa Baig,mustafa.b@example.com,9876500059,1994-06-15
100000000060,Hassan Raza,hassan.r@example.com,9876500060,1999-02-28
100000000061,Ayesha Siddiqui,ayesha.s@example.com,9876500061,1991-09-09
100000000062,Mariam Ansari,mariam.a@example.com,9876500062,2000-04-04
100000000063,Sana Mirza,sana.m@example.com,9876500063,1988-11-20
100000000064,Zara Pathan,zara.p@example.com,9876500064,1996-07-30
100000000065,Inaaya Sheikh,inaaya.s@example.com,9876500065,2003-03-10
100000000066,Samar Khanna,samar.k@example.com,9876500066,1992-05-05
100000000067,Tanishq Suri,tanishq.s@example.com,9876500067,1995-10-15
100000000068,Utkarsh Goel,utkarsh.g@example.com,9876500068,1987-08-25
100000000069,Vansh Mittal,vansh.m@example.com,9876500069,1998-12-01
100000000070,Yug Bhasin,yug.b@example.com,9876500070,1990-01-20
100000000071,Lakshmi Narayan,lakshmi.n@example.com,9876500071,1994-04-14
100000000072,Ganesh Pai,ganesh.p@example.com,9876500072,1989-06-30
100000000073,Karthik Gowda,karthik.g@example.com,9876500073,2001-09-18
100000000074,Subhash Chandra,subhash.c@example.com,9876500074,1986-02-05
100000000075,Venkatesh Prasad,venkatesh.p@example.com,9876500075,1993-11-12
100000000076,Meenakshi Sundaram,meenakshi.s@example.com,9876500076,1997-03-22
100000000077,Swati Balan,swati.b@example.com,9876500077,1991-07-08
100000000078,Pooja Hegde,pooja.h@example.com,9876500078,1999-12-25
100000000079,Shruti Haasan,shruti.h@example.com,9876500079,1995-05-10
100000000080,Rashmi Mandanna,rashmi.m@example.com,9876500080,2002-08-15
100000000081,David John,david.j@example.com,9876500081,1990-10-30
100000000082,Mary Kurian,mary.k@example.com,9876500082,1996-01-05
100000000083,Joseph Thomas,joseph.t@example.com,9876500083,1988-04-20
100000000084,Anna George,anna.g@example.com,9876500084,1994-09-15
100000000085,Peter Paul,peter.p@example.com,9876500085,2000-02-10
100000000086,Esther Rani,esther.r@example.com,9876500086,1992-06-25
100000000087,Samuel Mathew,samuel.m@example.com,9876500087,1985-11-08
100000000088,Grace Philip,grace.p@example.com,9876500088,1998-03-18
100000000089,Jacob Chacko,jacob.c@example.com,9876500089,1993-07-01
100000000090,Rebecca Luke,rebecca.l@example.com,9876500090,2001-12-12
100000000091,Gurpreet Singh,gurpreet.s@example.com,9876500091,1989-05-20
100000000092,Harmeet Kaur,harmeet.k@example.com,9876500092,1995-09-05
100000000093,Manpreet Sandhu,manpreet.s@example.com,9876500093,1991-01-15
100000000094,Jasmeet Gill,jasmeet.g@example.com,9876500094,1997-04-30
100000000095,Simran Sodhi,simran.s@example.com,9876500095,2002-08-22
100000000096,Rajveer Dhillon,rajveer.d@example.com,9876500096,1986-11-10
100000000097,Sukhmani Brar,sukhmani.b@example.com,9876500097,1994-03-05
100000000098,Navjot Sidhu,navjot.s@example.com,9876500098,1999-06-18
100000000099,Parvinder Grewal,parvinder.g@example.com,9876500099,1990-10-12
100000000100,Diljit Dosanjh,diljit.d@example.com,9876500100,1993-01-06